{
  "location": {
    "precision": 1.0,
    "recall": 1.0,
    "f1-score": 1.0,
    "support": 21
  },
  "price": {
    "precision": 1.0,
    "recall": 1.0,
    "f1-score": 1.0,
    "support": 1
  },
  "cuisine": {
    "precision": 1.0,
    "recall": 1.0,
    "f1-score": 1.0,
    "support": 21
  },
  "people": {
    "precision": 1.0,
    "recall": 1.0,
    "f1-score": 1.0,
    "support": 1
  },
  "micro avg": {
    "precision": 1.0,
    "recall": 1.0,
    "f1-score": 1.0,
    "support": 44
  },
  "macro avg": {
    "precision": 1.0,
    "recall": 1.0,
    "f1-score": 1.0,
    "support": 44
  },
  "weighted avg": {
    "precision": 1.0,
    "recall": 1.0,
    "f1-score": 1.0,
    "support": 44
  }
}